pico,large,micro,meso
6.945590118188995e-11,6.061310326019807e-7,5.39464342097703e-7,0.5394643420977029
